Open,High,Low,Close,Volume,OpenInt
43.011,43.011,43.011,43.011,5.09,0
43.162,43.162,43.162,43.162,1.13,0
43.956,43.956,43.956,43.956,2.27,0
43.885,43.885,43.885,43.885,12.48,0
45.88,45.88,44.555,44.555,2.27,0
44.388000000000005,44.388000000000005,44.29,44.29,11.35,0
44.821000000000005,44.9,44.821000000000005,44.856,23.8,0
44.908,44.908,44.908,44.908,1.13,0
44.281000000000006,44.281000000000006,44.281000000000006,44.281000000000006,1.13,0
43.523999999999994,43.603,43.523999999999994,43.603,7.92,0
43.011,43.011,42.958,42.985,20.42,0
42.922,42.922,42.922,42.922,5.66,0
43.409,43.409,43.409,43.409,5.66,0
43.497,43.497,43.497,43.497,5.66,0
43.665,43.665,43.657,43.657,5.66,0
43.718,43.718,43.718,43.718,5.66,0
44.114,44.114,44.114,44.114,5.66,0
42.111000000000004,42.111000000000004,41.786,41.786,45.33,0
40.409,40.409,40.409,40.409,11.35,0
40.868,40.868,40.868,40.868,5.9,0
39.579,39.579,39.579,39.579,5.06,0
40.62,40.62,40.62,40.62,5.94,0
41.133,41.133,41.126999999999995,41.126999999999995,5.6,0
41.606,41.606,41.598,41.598,5.6,0
40.258,40.258,40.258,40.258,5.6,0
40.411,40.411,40.400999999999996,40.400999999999996,5.6,0
40.329,40.356,40.329,40.329,4.47,0
41.795,41.95399999999999,41.795,41.95399999999999,4.47,0
42.106,42.106,42.088,42.088,11.2,0
42.213,42.213,42.213,42.213,1.12,0
41.159,41.159,41.159,41.159,11.2,0
42.24,42.24,42.24,42.24,11.2,0
41.391999999999996,41.391999999999996,41.31100000000001,41.31100000000001,129.38,0
42.427,43.107,42.365,43.107,71.67,0
43.098,43.107,43.088,43.088,14.56,0
43.25,43.25,43.25,43.25,2.25,0
43.115,43.115,43.036,43.115,12.32,0
43.133,43.205,43.133,43.205,2.25,0
43.098,43.141999999999996,43.098,43.141999999999996,4.47,0
43.195,43.215,43.195,43.215,6.73,0
43.23,43.23,43.23,43.23,1.12,0
43.373999999999995,43.373999999999995,43.373999999999995,43.373999999999995,2.25,0
43.437,43.461999999999996,43.437,43.461999999999996,8.97,0
43.687,43.981,43.687,43.883,86.24,0
43.357,43.357,43.222,43.277,13.77,0
43.195,43.257,43.195,43.257,8.97,0
43.33,43.758,43.31100000000001,43.758,260.97,0
45.195,45.214,45.195,45.214,10.09,0
45.571999999999996,45.571999999999996,45.50899999999999,45.50899999999999,20.16,0
45.195,45.195,45.178000000000004,45.178000000000004,10.09,0
44.839,44.873999999999995,44.821000000000005,44.857,20.16,0
44.963,44.963,44.776,44.864,53.75,0
45.195,45.195,44.57,44.607,126.52,0
44.43600000000001,44.45399999999999,44.43600000000001,44.45399999999999,10.09,0
45.073,45.088,45.073,45.088,10.09,0
44.25,44.25,44.036,44.07899999999999,33.6,0
43.981,43.981,43.909,43.909,26.87,0
44.45399999999999,44.45399999999999,44.43600000000001,44.43600000000001,10.09,0
44.303000000000004,44.383,44.275,44.275,28.56,0
43.891999999999996,43.891999999999996,43.875,43.875,19.05,0
44.222,44.294,44.222,44.275,20.16,0
43.445,43.445,43.428000000000004,43.428000000000004,10.09,0
43.215,43.215,43.195,43.195,10.09,0
43.016000000000005,43.016000000000005,42.998999999999995,42.998999999999995,10.09,0
42.74,42.74,42.74,42.74,3.36,0
43.998999999999995,43.998999999999995,43.998999999999995,43.998999999999995,3.36,0
43.964,43.964,43.518,43.518,12.32,0
43.347,43.857,42.232,43.857,25.76,0
44.196000000000005,44.266000000000005,44.071000000000005,44.071000000000005,56.0,0
44.169,44.222,43.883,43.883,168.02,0
44.159,44.159,43.758,43.758,12.32,0
43.766999999999996,43.785,43.571000000000005,43.571000000000005,21.28,0
43.641999999999996,44.196000000000005,43.589,44.151,35.85,0
44.016999999999996,44.106,43.748999999999995,43.803000000000004,35.85,0
43.857,44.044,43.785,43.964,24.64,0
44.062,44.178000000000004,44.062,44.178000000000004,7.83,0
44.391999999999996,44.45399999999999,44.169,44.402,213.93,0
44.321000000000005,45.16,44.106,44.402,105.28,0
44.474,44.633,44.427,44.633,16.81,0
44.553000000000004,45.31100000000001,44.553000000000004,44.88399999999999,116.61,0
45.58,45.652,45.58,45.652,16.81,0
45.669,45.68600000000001,45.669,45.68600000000001,2.25,0
45.335,45.409,45.335,45.409,2.23,0
45.453,45.453,45.453,45.453,1.66,0
45.361999999999995,45.361999999999995,45.056000000000004,45.119,50.93,0
44.586000000000006,44.928000000000004,44.533,44.928000000000004,13.34,0
46.176,46.725,46.176,46.725,11.06,0
46.338,46.382,46.338,46.365,8.13,0
46.56399999999999,46.571999999999996,46.446999999999996,46.508,31.0,0
45.94,46.464,45.94,46.365,27.69,0
46.038999999999994,46.038999999999994,45.742,45.742,64.24,0
46.031000000000006,46.104,45.878,46.083999999999996,42.07,0
46.916000000000004,46.925,46.916000000000004,46.925,9.97,0
47.303999999999995,47.303999999999995,46.79,46.798,4.42,0
46.733999999999995,46.733999999999995,46.733999999999995,46.733999999999995,2.23,0
47.051,47.051,47.051,47.051,1.11,0
47.167,47.18600000000001,47.167,47.176,6.65,0
47.339,47.956,46.935,47.412,33.66,0
47.123999999999995,47.223,47.123999999999995,47.223,2.23,0
47.105,47.114,47.105,47.114,2.23,0
47.20399999999999,47.20399999999999,47.20399999999999,47.20399999999999,4.42,0
47.422,47.458,47.422,47.422,8.03,0
47.538000000000004,47.583999999999996,47.321000000000005,47.583999999999996,46.13,0
47.881,47.881,47.863,47.863,5.7,0
47.756,47.756,47.756,47.756,4.42,0
47.965,47.965,47.946000000000005,47.946000000000005,13.04,0
47.926,47.926,46.861000000000004,46.861000000000004,2.44,0
47.141999999999996,47.756,47.123999999999995,47.358999999999995,65.01,0
46.644,46.644,46.644,46.644,1.11,0
47.167,47.167,47.167,47.167,1.66,0
47.583999999999996,47.655,47.438,47.655,24.78,0
48.145,48.145,48.035,48.035,13.29,0
48.17100000000001,48.351000000000006,48.17100000000001,48.342,7.24,0
48.541000000000004,48.541000000000004,48.541000000000004,48.541000000000004,3.68,0
48.351000000000006,48.351000000000006,48.351000000000006,48.351000000000006,1.11,0
48.244,48.316,48.244,48.316,8.88,0
48.641000000000005,48.641000000000005,48.578,48.578,21.5,0
48.468999999999994,48.468999999999994,48.468999999999994,48.468999999999994,4.42,0
48.135,48.135,48.135,48.135,5.54,0
48.145,48.145,47.901,47.901,8.88,0
47.854,47.926,47.845,47.901,32.11,0
48.332,48.332,48.299,48.299,2.9,0
48.431999999999995,48.46,48.098,48.117,95.9,0
48.416000000000004,48.416000000000004,48.416000000000004,48.416000000000004,6.65,0
48.478,48.478,48.416000000000004,48.416000000000004,23.03,0
48.633,48.902,48.549,48.902,54.2,0
48.957,49.075,48.723,48.723,40.38,0
48.948,48.948,48.948,48.948,3.32,0
48.316,48.505,48.17100000000001,48.17100000000001,11.06,0
48.651,48.651,48.651,48.651,1.11,0
48.308,48.308,48.308,48.308,1.11,0
48.379,48.45,48.379,48.416000000000004,9.14,0
48.802,48.802,48.549,48.549,3.82,0
49.272,49.516000000000005,49.272,49.516000000000005,2.23,0
49.70399999999999,49.70399999999999,49.623000000000005,49.623000000000005,2.23,0
49.254,49.805,49.137,49.352,279.11,0
49.426,49.426,48.776,48.948,10.81,0
48.108000000000004,48.424,48.035,48.424,35.39,0
48.505,48.595,48.505,48.595,13.29,0
49.327,49.327,48.84,48.84,13.95,0
49.607,49.77,49.578,49.696000000000005,315.2,0
50.428999999999995,50.428999999999995,49.662,49.662,54.04,0
49.607,49.607,49.352,49.408,43.41,0
49.617,50.348,49.578,50.148999999999994,78.74,0
50.141000000000005,50.32899999999999,50.141000000000005,50.32899999999999,6.16,0
50.221000000000004,50.221000000000004,49.598,49.607,31.77,0
49.489,50.148999999999994,49.489,50.122,7.75,0
50.781000000000006,50.781000000000006,50.781000000000006,50.781000000000006,1.11,0
50.175,50.636,50.175,50.338,37.17,0
50.4,50.701,50.321000000000005,50.701,8.88,0
50.826,51.068999999999996,50.781000000000006,50.934,40.97,0
51.123999999999995,51.123999999999995,50.711000000000006,50.988,36.32,0
50.474,50.771,50.465,50.771,15.5,0
50.735,51.06,50.573,50.711000000000006,286.4,0
50.799,51.295,50.753,51.223,215.24,0
51.34,51.396,51.006,51.196999999999996,635.48,0
51.323,51.522,51.043,51.068999999999996,537.38,0
51.277,51.522,51.053000000000004,51.268,442.12,0
51.494,51.711000000000006,51.31399999999999,51.477,383.93,0
51.818999999999996,51.818999999999996,51.43,51.693000000000005,126.23,0
51.538999999999994,51.818999999999996,50.711000000000006,50.979,710.5,0
50.743,50.743,50.104,50.493,553.34,0
50.573,50.573,49.92100000000001,49.92100000000001,292.31,0
50.31100000000001,51.16,50.31100000000001,50.871,416.23,0
50.428999999999995,50.583,50.141000000000005,50.583,111.84,0
50.076,50.681000000000004,50.076,50.626000000000005,145.93,0
50.257,50.257,49.888000000000005,49.888000000000005,29.9,0
50.31100000000001,50.31100000000001,49.352,49.578,62.7,0
50.032,50.032,50.032,50.032,1.34,0
49.075,49.092,48.928999999999995,49.056000000000004,19.93,0
49.137,49.553999999999995,49.137,49.553999999999995,3.32,0
49.672,49.958999999999996,49.56100000000001,49.958999999999996,32.77,0
49.191,49.191,48.948,49.092,16.61,0
49.128,49.254,49.128,49.254,2.23,0
49.352,49.352,49.352,49.352,11.06,0
49.941,49.941,49.85,49.85,5.54,0
50.013999999999996,50.321000000000005,49.733000000000004,49.733000000000004,14.41,0
48.878,48.878,47.34,47.34,10.33,0
47.533,47.625,47.222,47.625,8.13,0
47.733999999999995,47.917,47.57899999999999,47.817,15.3,0
48.365,48.365,48.145,48.293,26.79,0
48.87,48.87,48.512,48.512,14.51,0
48.53,48.53,48.53,48.53,1.1,0
48.933,49.007,48.74,48.961000000000006,24.66,0
48.06399999999999,48.192,48.06399999999999,48.192,8.75,0
49.032,49.032,49.032,49.032,1.1,0
49.847,49.856,49.446000000000005,49.626999999999995,13.94,0
49.84,49.84,49.418,49.708999999999996,12.02,0
50.443000000000005,50.451,50.443000000000005,50.451,2.19,0
49.885,49.885,49.885,49.885,1.1,0
50.809,50.809,50.809,50.809,2.6,0
51.06399999999999,51.156000000000006,50.982,50.982,16.47,0
51.156000000000006,51.387,51.156000000000006,51.229,16.39,0
51.239,51.239,51.229,51.229,7.35,0
51.505,51.505,51.458,51.458,15.07,0
51.42100000000001,51.659,51.42100000000001,51.576,12.02,0
51.387,51.428999999999995,51.193000000000005,51.193000000000005,10.68,0
51.43899999999999,51.448,51.093,51.093,8.15,0
51.22,51.239,51.22,51.239,3.67,0
51.02,51.02,51.0,51.0,3.72,0
51.11,51.11,51.11,51.11,1.1,0
51.093,51.093,50.99100000000001,50.99100000000001,6.34,0
51.468,51.576,51.468,51.485,4.15,0
52.181999999999995,52.181999999999995,51.595,51.614,8.75,0
51.576,51.623999999999995,51.477,51.477,10.3,0
51.376999999999995,51.396,51.303000000000004,51.396,5.26,0
51.75899999999999,51.75899999999999,51.75899999999999,51.75899999999999,1.1,0
51.933,51.998999999999995,51.293,51.348,32.01,0
51.586000000000006,51.586000000000006,51.586000000000006,51.586000000000006,1.18,0
51.266000000000005,51.266000000000005,51.148,51.156000000000006,16.18,0
51.33,51.338,51.156000000000006,51.156000000000006,70.43,0
51.038000000000004,51.038000000000004,50.726000000000006,50.726000000000006,14.44,0
50.826,50.826,50.71,50.71,7.66,0
50.63399999999999,50.63399999999999,50.63399999999999,50.63399999999999,1.1,0
51.202,51.239,51.01,51.129,8.75,0
51.696999999999996,51.696999999999996,51.211000000000006,51.211000000000006,3.92,0
50.352,50.352,50.196000000000005,50.352,5.47,0
50.443000000000005,50.506,50.443000000000005,50.498000000000005,8.52,0
50.113,50.113,50.023,50.023,7.66,0
50.544,50.67100000000001,50.544,50.67100000000001,3.92,0
51.239,51.595,51.038000000000004,51.43899999999999,13.11,0
51.769,51.769,51.769,51.769,1.1,0
52.153999999999996,52.446999999999996,52.153999999999996,52.328,19.27,0
52.437,52.437,52.263000000000005,52.263000000000005,8.75,0
52.41,52.483000000000004,52.382,52.428000000000004,7.66,0
52.428000000000004,52.601000000000006,52.428000000000004,52.601000000000006,15.3,0
53.159,53.169,53.115,53.151,22.8,0
53.078,53.078,53.078,53.078,1.1,0
53.122,53.196000000000005,53.122,53.196000000000005,3.27,0
53.49,54.111000000000004,53.49,53.93899999999999,8.75,0
53.43600000000001,53.507,53.316,53.507,6.57,0
53.417,53.526,53.297,53.397,12.02,0
53.371,53.371,53.371,53.371,1.46,0
53.033,53.033,53.033,53.033,8.89,0
53.233000000000004,53.233000000000004,53.233000000000004,53.233000000000004,1.1,0
52.913000000000004,52.913000000000004,52.913000000000004,52.913000000000004,1.85,0
53.106,53.106,53.106,53.106,2.99,0
53.196000000000005,53.196000000000005,52.731,52.831,29.51,0
53.407,53.407,52.263000000000005,52.272,3.27,0
52.181999999999995,52.463,52.181999999999995,52.391000000000005,17.35,0
52.886,53.39,52.886,53.39,13.11,0
53.333999999999996,53.736000000000004,53.333999999999996,53.653999999999996,39.33,0
53.775,54.13,53.681000000000004,54.13,18.93,0
54.02,54.038999999999994,53.856,53.873000000000005,6.22,0
54.085,54.165,54.085,54.148,4.36,0
54.77,54.77,54.641999999999996,54.744,97.91,0
54.761,54.761,54.761,54.761,2.19,0
55.218999999999994,55.218999999999994,55.082,55.208999999999996,4.36,0
55.666000000000004,55.666000000000004,55.666000000000004,55.666000000000004,1.1,0
56.162,56.162,54.917,55.236999999999995,26.95,0
55.411,55.448,55.292,55.448,17.59,0
55.538000000000004,55.538000000000004,55.538000000000004,55.538000000000004,1.1,0
56.675,56.675,55.538000000000004,55.568000000000005,9.44,0
55.622,55.622,55.622,55.622,1.91,0
54.898,54.898,54.898,54.898,4.64,0
55.504,55.603,55.448,55.603,18.57,0
54.908,55.558,54.908,55.558,6.24,0
56.536,56.536,54.67,55.155,35.2,0
55.236999999999995,55.236999999999995,55.236999999999995,55.236999999999995,1.1,0
55.813,55.813,55.43899999999999,55.613,15.99,0
55.951,55.951,55.466,55.466,23.19,0
55.411,55.411,55.228,55.228,4.36,0
55.071999999999996,55.071999999999996,55.062,55.062,10.45,0
56.463,56.873999999999995,56.298,56.873999999999995,54.39,0
57.269,57.552,55.797,55.797,83.49,0
55.96,57.03,55.96,57.03,2.19,0
55.858000000000004,56.993,55.666000000000004,55.915,21.89,0
57.141000000000005,57.405,57.141000000000005,57.405,22.18,0
56.188,57.305,56.188,56.501000000000005,43.82,0
57.332,57.332,56.501000000000005,57.222,71.11,0
58.273999999999994,58.273999999999994,57.295,57.295,18.6,0
58.593999999999994,58.593999999999994,57.205,57.205,54.46,0
57.215,57.248999999999995,57.001999999999995,57.001999999999995,69.99,0
56.993,57.507,56.93899999999999,57.498000000000005,13.25,0
57.278,57.964,57.278,57.964,10.92,0
58.284,58.603,58.284,58.44,5.72,0
58.46,60.004,56.812,57.24,210.47,0
57.187,59.007,57.187,58.356,249.29,0
58.313,58.678000000000004,57.917,58.385,43.61,0
58.42100000000001,58.523,58.375,58.375,10.35,0
58.229,58.678000000000004,57.983000000000004,58.678000000000004,14.76,0
58.917,59.354,58.917,59.299,31.3,0
59.161,60.47,59.016000000000005,59.016000000000005,56.09,0
59.18,59.218,57.917,58.933,138.35,0
57.644,57.644,56.098,56.272,98.56,0
56.544,56.591,56.472,56.472,36.82,0
56.001000000000005,56.875,56.001000000000005,56.803000000000004,19.8,0
56.968,57.042,56.968,57.042,12.97,0
57.943000000000005,57.943000000000005,56.655,57.143,98.2,0
57.162,57.162,57.162,57.162,3.63,0
57.153,57.243,55.772,56.986999999999995,32.77,0
55.881,57.068999999999996,55.441,56.342,42.91,0
54.916000000000004,57.088,54.437,54.76,64.67,0
55.45,57.365,55.45,56.601000000000006,100.38,0
56.636,56.958999999999996,56.49,56.675,98.57,0
56.315,56.875,55.394,56.831,51.97,0
56.783,56.922,56.675,56.71,35.06,0
56.553000000000004,56.849,56.48,56.821000000000005,30.97,0
57.023,57.233000000000004,56.968,57.233000000000004,84.02,0
56.544,57.17,56.50899999999999,56.526,192.39,0
56.278,57.19,56.278,57.162,24.63,0
57.494,57.494,57.224,57.224,13.46,0
57.114,57.299,57.097,57.299,34.49,0
57.208,57.336000000000006,57.19,57.19,25.23,0
57.622,57.667,57.243,57.299,21.69,0
57.365,57.538999999999994,57.365,57.512,23.06,0
56.168,56.986999999999995,56.168,56.813,26.39,0
56.176,56.176,55.551,55.551,86.57,0
56.103,56.103,55.22,55.238,36.64,0
55.238,55.238,55.22,55.22,6.08,0
55.571000000000005,55.571000000000005,55.016999999999996,55.071999999999996,58.11,0
55.707,55.707,55.541000000000004,55.541000000000004,7.89,0
55.522,55.522,54.861000000000004,55.385,11.16,0
55.66,57.998999999999995,53.977,53.986000000000004,65.24,0
54.511,54.511,54.428000000000004,54.428000000000004,15.85,0
55.348,55.801,55.33,55.762,20.85,0
56.29600000000001,56.29600000000001,55.863,55.863,3.24,0
56.50899999999999,56.581,56.472,56.48,6.95,0
56.813,56.813,56.626999999999995,56.626999999999995,6.28,0
56.535,56.831,56.535,56.831,11.31,0
57.06,57.233000000000004,56.601000000000006,57.233000000000004,10.73,0
57.382,57.42,57.291000000000004,57.42,11.39,0
56.72,57.291000000000004,56.72,56.931000000000004,29.53,0
56.783,56.803000000000004,56.783,56.803000000000004,8.11,0
57.428999999999995,57.428999999999995,57.428999999999995,57.428999999999995,3.35,0
57.162,57.751000000000005,57.162,57.751000000000005,5.46,0
57.464,57.474,57.464,57.474,5.38,0
57.777,57.777,57.318000000000005,57.345,47.97,0
57.732,57.76,57.713,57.76,13.83,0
58.118,58.118,58.101000000000006,58.118,11.89,0
57.318000000000005,57.355,57.162,57.162,29.37,0
58.062,58.062,58.045,58.045,7.96,0
58.062,59.481,58.008,58.071999999999996,51.62,0
58.441,58.441,58.412,58.412,21.86,0
58.34,58.34,58.313,58.313,4.86,0
57.76,57.982,57.76,57.953,4.46,0
57.575,57.575,57.575,57.575,4.87,0
57.512,57.512,57.512,57.512,3.4,0
57.676,57.676,57.365,57.365,7.12,0
56.665,56.665,56.665,56.665,2.13,0
57.263000000000005,57.263000000000005,57.19,57.233000000000004,4.95,0
57.282,57.501999999999995,57.282,57.501999999999995,11.03,0
57.391000000000005,57.887,57.162,57.162,15.46,0
56.995,56.995,56.995,56.995,2.31,0
57.309,57.309,57.162,57.18,16.99,0
57.18,57.18,57.18,57.18,1.09,0
57.282,57.318000000000005,57.282,57.318000000000005,10.41,0
57.566,57.622,57.538999999999994,57.622,19.44,0
58.126999999999995,58.126999999999995,58.126999999999995,58.126999999999995,7.25,0
58.118,58.303000000000004,58.118,58.303000000000004,4.63,0
58.772,58.772,58.772,58.772,3.24,0
57.53,57.53,57.474,57.474,5.08,0
57.786,57.786,57.566,57.566,15.19,0
57.208,57.208,56.903,56.903,20.87,0
57.143,57.143,57.143,57.143,2.73,0
57.676,57.843,57.676,57.786,9.07,0
58.082,58.184,58.082,58.184,7.21,0
58.367,58.367,58.263999999999996,58.349,7.54,0
58.136,58.136,58.136,58.136,4.34,0
58.082,58.082,57.872,57.872,6.86,0
58.052,58.256,58.027,58.092,25.27,0
58.468,58.468,58.422,58.422,8.82,0
58.313,58.34,58.303000000000004,58.303000000000004,45.33,0
58.515,58.57,58.431000000000004,58.56,11.82,0
58.441,58.515,58.386,58.505,13.49,0
58.515,58.515,58.477,58.477,6.39,0
58.533,58.533,58.052,58.349,24.54,0
58.376000000000005,58.706,58.376000000000005,58.376000000000005,8.15,0
58.349,58.349,58.247,58.34,9.32,0
58.781000000000006,58.891999999999996,58.781000000000006,58.891999999999996,12.56,0
59.03,59.056999999999995,58.983999999999995,59.048,13.86,0
58.505,58.505,58.461000000000006,58.505,15.22,0
58.882,58.882,58.533,58.652,18.2,0
58.873000000000005,58.873000000000005,58.552,58.552,5.61,0
58.691,58.716,58.691,58.706,26.48,0
58.901,58.93600000000001,58.901,58.93600000000001,19.09,0
59.371,59.371,59.371,59.371,1.86,0
59.693000000000005,59.756,59.683,59.756,12.56,0
59.803000000000004,59.848,59.747,59.821999999999996,15.92,0
59.784,59.83,59.784,59.83,31.26,0
59.903,59.903,59.896,59.896,13.22,0
60.93600000000001,60.943000000000005,60.833,60.833,12.79,0
61.349,61.349,60.521,60.657,9.9,0
60.853,60.853,60.566,60.566,17.39,0
60.373999999999995,60.373999999999995,60.336999999999996,60.336999999999996,18.28,0
60.123000000000005,60.143,60.043,60.133,41.65,0
60.227,60.263999999999996,60.227,60.263999999999996,19.09,0
60.282,60.648999999999994,60.163000000000004,60.235,27.49,0
60.272,60.383,60.18,60.373999999999995,24.43,0
60.373999999999995,60.373999999999995,60.373999999999995,60.373999999999995,3.84,0
61.055,61.063,60.99100000000001,61.016000000000005,25.38,0
60.93600000000001,60.998999999999995,60.93600000000001,60.998999999999995,5.99,0
60.766999999999996,60.961999999999996,60.758,60.952,35.79,0
60.831,60.981,60.57,60.57,16.64,0
60.637,60.637,60.637,60.637,1.38,0
60.486999999999995,60.784,60.42100000000001,60.784,9.96,0
60.821999999999996,60.961999999999996,60.821999999999996,60.916000000000004,3392.61,0
61.016999999999996,61.065,60.851000000000006,61.037,3282.24,0
61.167,61.513000000000005,61.167,61.503,30.27,0
61.503,61.503,61.503,61.503,1.08,0
61.895,62.324,61.662,61.736999999999995,34.72,0
61.736999999999995,61.747,61.596000000000004,61.625,48.71,0
61.103,61.176,61.103,61.111999999999995,399.7,0
61.138999999999996,61.765,61.085,61.196000000000005,19.34,0
63.023999999999994,63.023999999999994,60.869,61.905,36.94,0
60.793,61.027,58.443999999999996,58.443999999999996,66.89,0
61.176,61.345,61.176,61.233999999999995,12.66,0
61.457,61.457,61.159,61.196000000000005,24.99,0
61.438,61.523,61.363,61.523,56.42,0
61.065,61.075,60.748999999999995,60.748999999999995,27.14,0
60.998999999999995,61.148999999999994,60.998999999999995,61.103,13.16,0
61.085,61.363,61.047,61.24100000000001,24.47,0
61.747,61.747,61.541000000000004,61.615,14.21,0
61.717,61.717,61.717,61.717,3.95,0
61.905,61.905,61.747,61.793,25.1,0
61.438,61.523,61.438,61.523,17.47,0
62.101000000000006,62.101000000000006,61.373000000000005,61.503,24.44,0
61.483999999999995,61.483999999999995,61.483999999999995,61.483999999999995,9.68,0
61.111999999999995,61.111999999999995,61.027,61.103,30.51,0
60.299,60.299,60.282,60.282,7.33,0
59.684,59.684,59.684,59.684,6.54,0
59.946000000000005,59.982,59.937,59.982,13.16,0
59.964,60.729,59.489,60.729,36.06,0
59.507,59.918,59.507,59.523999999999994,17.13,0
59.703,59.703,59.003,59.003,48.25,0
58.863,59.468999999999994,57.847,59.135,23.37,0
59.637,59.637,59.637,59.637,2.91,0
59.56399999999999,59.637,59.301,59.422,52.93,0
59.89,60.131,59.656000000000006,59.992,97.35,0
59.955,59.955,59.723,59.89,12.61,0
60.879,60.879,60.879,60.879,2.39,0
60.626999999999995,61.159,60.626999999999995,61.159,33.84,0
61.119,61.119,60.672,60.672,2.73,0
61.457,61.503,61.075,61.43,19.06,0
60.952,60.952,60.952,60.952,5.49,0
61.69,61.69,61.67100000000001,61.67100000000001,6.42,0
60.831,60.841,60.831,60.841,5.86,0
61.335,61.438,61.148999999999994,61.148999999999994,8.14,0
61.382,61.382,61.382,61.382,7.62,0
61.559,61.559,61.288999999999994,61.335,44.6,0
61.662,61.662,61.42,61.42,7.86,0
61.18600000000001,61.317,60.93600000000001,61.317,20.31,0
61.119,61.119,60.972,60.972,33.54,0
61.111999999999995,61.167,60.916000000000004,61.129,22.46,0
61.047,61.047,61.008,61.008,5.81,0
60.869,60.869,60.617,60.617,11.13,0
60.608000000000004,60.608000000000004,60.338,60.542,22.42,0
60.841,61.093999999999994,60.841,60.916000000000004,48.64,0
61.288999999999994,61.288999999999994,60.952,60.952,23.47,0
60.533,60.637,60.385,60.608000000000004,82.24,0
60.02,60.328,59.851000000000006,60.291000000000004,14.53,0
60.272,60.617,60.226000000000006,60.58,33.52,0
59.843,59.898999999999994,59.843,59.898999999999994,11.1,0
59.618,59.972,59.618,59.972,10.18,0
59.871,59.871,58.901,59.723,32.83,0
59.077,59.574,59.077,59.574,13.08,0
58.808,58.808,58.808,58.808,6.23,0
56.662,58.257,56.662,58.09,40.45,0
58.611000000000004,58.611000000000004,58.611000000000004,58.611000000000004,10.12,0
58.808,59.376999999999995,58.808,59.376999999999995,22.47,0
58.556999999999995,58.556999999999995,58.556999999999995,58.556999999999995,3.96,0
58.556999999999995,58.901,58.415,58.631,34.4,0
57.437,57.437,57.045,57.045,14.45,0
57.493,57.493,56.531000000000006,56.923,24.59,0
56.708,56.708,53.34,53.34,9.94,0
55.7,56.242,54.302,56.242,14.02,0
56.961000000000006,57.091,56.428000000000004,56.428000000000004,9.13,0
56.98,56.98,56.98,56.98,1.76,0
57.613,58.126000000000005,55.934,57.81,103.51,0
57.876000000000005,57.876000000000005,57.641999999999996,57.641999999999996,12.09,0
58.35,58.565,58.31399999999999,58.489,18.19,0
58.48,58.742,58.48,58.713,11.92,0
58.005,58.601000000000006,58.005,58.247,32.37,0
59.33,59.368,58.901,59.368,6.05,0
59.208999999999996,59.368,59.208999999999996,59.368,4.25,0
59.918,60.385,59.918,60.385,34.04,0
60.365,60.365,60.365,60.365,4.65,0
60.093999999999994,60.121,59.89,60.121,11.0,0
60.43899999999999,60.43899999999999,59.748999999999995,60.114,11.15,0
60.458,60.458,60.254,60.375,5.79,0
60.346000000000004,60.346000000000004,60.233999999999995,60.233999999999995,5.4,0
60.468,60.468,60.233999999999995,60.375,13.13,0
60.385,60.385,60.365,60.365,3.08,0
60.758,60.758,60.403999999999996,60.448,36.71,0
60.505,60.505,60.505,60.505,6.61,0
60.681999999999995,60.961999999999996,60.653999999999996,60.692,36.88,0
60.216,60.57,60.216,60.57,23.16,0
60.496,60.496,60.496,60.496,4.94,0
61.382,61.391000000000005,61.159,61.159,12.81,0
61.363,61.411,61.28,61.28,39.02,0
61.474,62.035,61.345,61.483999999999995,106.56,0
61.596000000000004,61.606,61.474,61.474,6.79,0
60.821999999999996,61.345,60.681999999999995,61.335,698.82,0
61.448,61.69,61.391000000000005,61.69,84.45,0
61.503,62.026,61.503,62.026,24.94,0
61.998000000000005,61.998000000000005,61.858000000000004,61.858000000000004,7.22,0
61.931999999999995,61.951,61.644,61.67100000000001,10.89,0
61.513000000000005,61.699,61.288999999999994,61.67100000000001,31.73,0
61.093999999999994,62.053999999999995,60.43,61.82,63.26,0
61.119,61.298,60.318000000000005,61.148999999999994,107.39,0
60.412,61.717,59.851000000000006,60.394,28.06,0
59.898999999999994,59.908,58.93600000000001,58.93600000000001,14.11,0
58.799,58.808,58.537,58.78,23.37,0
58.956,59.61,58.023999999999994,58.975,121.44,0
58.76,60.263999999999996,58.76,59.955,27.38,0
60.851000000000006,60.851000000000006,60.851000000000006,60.851000000000006,4.87,0
61.326,61.543,61.119,61.543,27.35,0
61.6,61.985,60.378,61.797,234.13,0
61.928999999999995,62.278,61.6,62.278,169.1,0
61.958,62.07,61.552,62.07,28.69,0
61.985,61.995,61.007,61.995,19.34,0
61.816,62.202,61.751999999999995,61.788000000000004,81.63,0
61.825,63.143,60.228,61.797,70.81,0
61.816,61.873000000000005,60.34,61.102,73.62,0
61.083999999999996,61.083999999999996,61.083999999999996,61.083999999999996,5.69,0
60.527,60.527,59.54,59.821999999999996,28.39,0
60.31100000000001,60.31100000000001,58.75899999999999,59.606,76.69,0
59.522,60.132,59.522,59.992,43.28,0
60.82899999999999,61.206,60.321000000000005,61.093,151.96,0
60.273999999999994,60.781000000000006,60.152,60.781000000000006,51.6,0
60.18899999999999,60.79,60.18899999999999,60.18899999999999,3.87,0
60.198,60.82,59.381,59.381,97.28,0
60.141999999999996,60.141999999999996,59.202,59.841,44.99,0
59.888999999999996,60.141999999999996,59.701,59.794,116.86,0
59.258,60.481,59.258,60.481,44.42,0
60.461999999999996,60.88399999999999,60.292,60.604,19.18,0
60.82,60.95,60.049,60.95,95.17,0
59.606,61.582,59.606,61.582,58.24,0
60.688,60.763000000000005,60.688,60.763000000000005,11.51,0
60.97,60.97,60.547,60.547,7.04,0
59.72,60.593999999999994,59.72,60.593999999999994,17.29,0
60.659,60.659,60.18899999999999,60.461999999999996,29.92,0
59.56,60.31100000000001,59.56,60.31100000000001,19.55,0
60.79,60.79,60.79,60.79,2.64,0
61.543,61.543,61.007,61.242,54.83,0
61.535,61.543,61.516000000000005,61.543,40.75,0
61.977,62.013000000000005,61.318000000000005,61.412,81.3,0
60.725,61.365,60.659,61.365,21.48,0
61.45,61.45,61.29,61.29,6.61,0
61.007,61.656000000000006,60.998000000000005,61.526,16.41,0
61.816,61.864,61.742,61.769,43.57,0
61.864,62.728,61.864,62.55,12.79,0
62.776,63.105,62.287,63.048,88.12,0
62.248999999999995,62.821999999999996,62.248999999999995,62.821999999999996,761.4,0
62.7,63.067,62.7,62.79600000000001,15.14,0
63.086000000000006,63.49,62.888000000000005,62.888000000000005,23.57,0
63.284,63.284,62.522,62.578,215.19,0
63.048,63.048,63.048,63.048,3.31,0
62.786,63.001999999999995,62.718999999999994,62.945,126.21,0
63.152,63.152,62.4,62.4,4.9,0
62.4,62.945,62.4,62.738,32.51,0
62.645,62.645,62.645,62.645,3.19,0
62.992,62.992,62.596000000000004,62.596000000000004,18.09,0
62.119,62.776,62.089,62.136,22.32,0
62.87,62.87,62.202,62.202,12.76,0
61.977,61.977,61.271,61.628,10.64,0
61.403,61.403,61.403,61.403,4.26,0
60.349,60.349,60.349,60.349,2.13,0
61.083999999999996,61.18600000000001,60.397,60.566,13.83,0
60.96,61.477,60.96,61.477,8.5,0
60.8,61.036,60.8,60.8,13.83,0
61.422,61.422,61.422,61.422,4.26,0
61.619,61.619,61.486000000000004,61.486000000000004,6.39,0
61.251999999999995,62.691,61.251999999999995,62.691,13.83,0
62.07,62.07,61.778999999999996,62.07,6.39,0
62.813,62.813,62.606,62.813,7.44,0
62.821999999999996,63.067,62.457,62.86,92.5,0
62.54,63.028999999999996,62.457,63.028999999999996,37.21,0
62.586999999999996,62.586999999999996,62.06,62.163999999999994,48.92,0
62.004,62.004,61.299,61.656000000000006,259.45,0
61.656000000000006,61.656000000000006,61.656000000000006,61.656000000000006,3.19,0
62.004,62.428000000000004,61.562,62.428000000000004,175.45,0
61.968,62.645,61.806999999999995,62.645,15.76,0
61.722,61.722,61.458999999999996,61.562,1309.99,0
61.693999999999996,61.833999999999996,61.693999999999996,61.732,1303.63,0
62.718999999999994,63.086000000000006,62.7,62.87,118.03,0
63.152,63.152,62.738,62.738,1447.92,0
63.368,63.368,62.56,62.56,1120.74,0
62.457,63.161,62.457,63.123999999999995,185.89,0
63.376999999999995,63.376999999999995,62.578,63.058,1365.28,0
63.434,63.434,63.188,63.228,10.64,0
63.376999999999995,63.376999999999995,63.312,63.349,9.56,0
62.983000000000004,63.763999999999996,62.983000000000004,63.763999999999996,22.15,0
63.86600000000001,63.894,63.54600000000001,63.886,829.71,0
62.973,63.086000000000006,62.681999999999995,62.86,58.48,0
63.123999999999995,63.45399999999999,63.123999999999995,63.376999999999995,336.58,0
63.651,63.821000000000005,63.218,63.218,311.61,0
63.801,63.923,63.54600000000001,63.54600000000001,39.5,0
63.913999999999994,64.223,63.913999999999994,64.215,40.42,0
64.27199999999999,64.421,64.27199999999999,64.29899999999999,346.64,0
64.289,64.76899999999999,64.092,64.449,230.74,0
64.439,64.439,64.046,64.046,54.23,0
64.168,64.185,63.593999999999994,63.998999999999995,18.09,0
63.396,63.556000000000004,63.143,63.387,73.38,0
63.443999999999996,63.998999999999995,63.443999999999996,63.913999999999994,156.31,0
64.497,64.497,64.016,64.072,46.79,0
63.424,63.707,63.396,63.396,25.51,0
62.983000000000004,63.54600000000001,62.626000000000005,62.626000000000005,32.65,0
63.349,63.358000000000004,62.926,63.096000000000004,15.51,0
64.374,64.374,63.943000000000005,64.215,120.16,0
64.111,64.14,63.856,63.903999999999996,57.43,0
63.96,63.96,63.95,63.95,11.65,0
64.046,64.064,63.933,63.933,10.64,0
63.96,64.685,63.96,64.685,7.44,0
64.195,64.76,64.185,64.507,46.01,0
64.808,64.817,64.016,64.55199999999999,132.53,0
64.665,64.939,64.488,64.488,27.65,0
64.47800000000001,64.939,64.195,64.882,58.48,0
64.421,65.72800000000001,63.631,65.72800000000001,56.35,0
65.446,65.456,64.59100000000001,64.6,20.2,0
62.766999999999996,64.572,62.766999999999996,64.195,129.74,0
63.5,65.184,63.5,65.005,18.09,0
63.556000000000004,64.855,63.556000000000004,64.657,40.7,0
64.469,64.638,64.064,64.13,113.78,0
64.14,64.62899999999999,64.13,64.497,38.81,0
64.016,64.016,63.99,63.99,19.16,0
64.111,64.949,64.092,64.543,26.59,0
64.185,64.185,64.185,64.185,3.19,0
63.791000000000004,63.791000000000004,62.926,63.293,81.88,0
63.001999999999995,63.123999999999995,62.963,62.963,10.64,0
63.443999999999996,63.443999999999996,62.652,62.652,22.63,0
63.434,63.604,63.246,63.604,15.91,0
63.95,64.469,63.651,64.13,54.54,0
64.13,64.13,64.13,64.13,1.07,0
61.129,63.754,61.129,62.86,25.51,0
63.358000000000004,63.358000000000004,63.086000000000006,63.086000000000006,5.32,0
64.02600000000001,64.02600000000001,64.02600000000001,64.02600000000001,2.13,0
64.02600000000001,66.773,64.02600000000001,66.773,28.7,0
66.764,66.764,66.764,66.764,2.09,0
65.348,67.26100000000001,64.736,64.937,19.85,0
64.937,64.937,64.937,64.937,0.51,0
64.937,64.937,63.72,63.72,17.76,0
64.611,64.611,64.611,64.611,2.09,0
64.094,64.44800000000001,64.094,64.438,10.45,0
62.735,62.908,62.582,62.86,17.76,0
63.004,63.32899999999999,63.004,63.32899999999999,6.15,0
64.783,64.783,61.195,62.343999999999994,38.67,0
63.922,66.03699999999999,62.266999999999996,62.266999999999996,526.69,0
61.797,61.797,61.521,61.597,12.54,0
61.711000000000006,62.745,60.773999999999994,61.721000000000004,43.88,0
61.653999999999996,61.653999999999996,61.396,61.396,6.27,0
61.817,61.817,61.406000000000006,61.558,12.54,0
62.343999999999994,62.343999999999994,61.931999999999995,61.931999999999995,11.49,0
63.20399999999999,63.224,63.20399999999999,63.224,4.18,0
63.854,63.88399999999999,62.879,63.09,33.83,0
62.821000000000005,63.395,62.821000000000005,63.395,12.21,0
64.133,64.133,64.133,64.133,4.18,0
64.047,64.094,63.568000000000005,63.568000000000005,17.76,0
63.942,63.942,63.942,63.942,3.14,0
64.11399999999999,64.11399999999999,63.645,63.96,7.32,0
64.181,64.181,62.651,62.812,12.54,0
63.386,63.386,62.668,62.946000000000005,8.36,0
62.277,62.641000000000005,62.277,62.277,11.49,0
61.157,62.151,61.157,61.76,25.09,0
62.2,62.668,61.435,62.333999999999996,198.56,0
62.095,63.214,62.095,62.927,17.76,0
63.09,63.175,62.141000000000005,62.247,38.67,0
63.051,63.233999999999995,62.468,62.468,17.76,0
62.381,62.574,61.76,61.942,424.33,0
62.965,63.119,61.845,61.845,110.77,0
62.411,63.395,62.411,62.496,43.88,0
62.305,62.784,61.511,62.371,14.56,0
61.607,62.428999999999995,61.396,62.2,18.82,0
62.007,63.482,62.007,62.765,32.39,0
62.43899999999999,62.611000000000004,61.328,62.611000000000004,389.37,0
62.631,62.631,60.812,61.903,315.59,0
61.683,61.845,61.291000000000004,61.835,164.08,0
61.951,61.951,61.626000000000005,61.74100000000001,21.95,0
62.151,62.333999999999996,61.788000000000004,61.989,214.23,0
62.621,62.621,61.461999999999996,61.835,74.19,0
61.826,61.845,60.869,61.645,53.29,0
61.166000000000004,61.251999999999995,60.286,60.352,34.48,0
60.132,60.132,58.648999999999994,59.597,140.03,0
52.87,64.11399999999999,50.87,59.913000000000004,144.23,0
60.248000000000005,73.778,56.716,59.96,127.49,0
58.361999999999995,58.361999999999995,57.415,58.228,101.37,0
57.415,59.386,57.023,58.851000000000006,628.06,0
59.424,59.434,59.406000000000006,59.406000000000006,25.09,0
59.128,59.195,56.706,59.195,35.53,0
56.842,57.108000000000004,56.477,56.851000000000006,20.9,0
56.851000000000006,56.851000000000006,56.851000000000006,56.851000000000006,1.05,0
58.563,58.563,57.846000000000004,57.846000000000004,36.58,0
56.631,57.215,56.631,57.215,8.36,0
58.64,58.64,57.998999999999995,58.218999999999994,41.79,0
58.773999999999994,58.773999999999994,58.449,58.449,14.63,0
57.425,57.88399999999999,57.415,57.88399999999999,27.86,0
57.88399999999999,57.88399999999999,57.88399999999999,57.88399999999999,2.09,0
58.716,58.716,57.09,57.902,62.7,0
59.033,59.033,58.095,58.698,16.72,0
59.07,59.768,58.419,59.463,34.48,0
58.391000000000005,59.606,58.391000000000005,59.501000000000005,45.38,0
58.382,58.706,57.798,58.409,33.45,0
57.36600000000001,58.382,57.36600000000001,58.228,22.99,0
57.1,57.205,57.042,57.108000000000004,62.7,0
57.147,58.793,56.993,57.951,94.04,0
56.449,58.525,56.286,58.525,16.68,0
57.798,59.644,57.568000000000005,59.644,24.03,0
60.122,60.122,55.692,56.075,65.93,0
55.559,56.172,55.425,56.066,21.95,0
57.75,58.353,56.553000000000004,58.19,55.38,0
60.573,63.281000000000006,58.372,59.318999999999996,28.23,0
59.32899999999999,59.32899999999999,57.232,57.663999999999994,41.79,0
58.372,59.368,58.372,58.812,122.22,0
59.511,59.635,58.803000000000004,58.888999999999996,22.99,0
59.318999999999996,59.808,58.698,59.205,56.42,0
58.141999999999996,61.147,58.141999999999996,60.114,63.75,0
60.199,60.266999999999996,60.047,60.19,103.46,0
60.19,60.19,60.19,60.19,0.48,0
59.644,59.644,59.644,59.644,2.09,0
58.965,60.038000000000004,58.965,59.586999999999996,20.9,0
60.324,60.678000000000004,60.324,60.419,12.54,0
60.755,60.773999999999994,60.229,60.746,107.64,0
60.132,60.726000000000006,60.104,60.726000000000006,87.78,0
60.075,60.229,59.88399999999999,59.97,5.85,0
60.333999999999996,60.333999999999996,59.998000000000005,59.998000000000005,7.32,0
60.372,61.147,60.361999999999995,60.525,65.84,0
61.683,61.683,61.291000000000004,61.291000000000004,26.13,0
61.318999999999996,61.45399999999999,60.983999999999995,61.214,34.48,0
61.157,61.157,60.544,61.117,17.76,0
61.3,61.74100000000001,61.176,61.396,26.13,0
60.621,61.099,60.621,60.861000000000004,22.99,0
61.376999999999995,61.376999999999995,61.376999999999995,61.376999999999995,2.09,0
61.989,61.989,61.461999999999996,61.531000000000006,206.75,0
62.027,62.115,61.607,62.095,84.65,0
62.115,62.115,61.568000000000005,61.797,27.48,0
62.477,62.477,61.185,61.205,33.45,0
60.746,61.042,60.746,61.042,19.85,0
62.075,62.075,60.477,60.477,8.34,0
61.531000000000006,61.531000000000006,60.831,60.831,7.32,0
60.831,60.831,60.821999999999996,60.821999999999996,10.45,0
60.132,60.286,59.941,60.218999999999994,9.4,0
59.386,59.75,59.138000000000005,59.396,14.63,0
59.998000000000005,59.998000000000005,59.998000000000005,59.998000000000005,3.14,0
60.352,60.352,60.352,60.352,3.14,0
59.989,60.851000000000006,59.979,60.851000000000006,128.54,0
61.233999999999995,61.233999999999995,61.214,61.224,42.85,0
61.338,61.338,61.338,61.338,3.14,0
62.2,62.391000000000005,61.09,61.147,21.95,0
60.544,61.328,60.544,61.282,34.48,0
61.645,61.645,61.013000000000005,61.013000000000005,28.23,0
62.065,62.065,61.147,61.195,38.67,0
60.621,61.224,60.621,61.022,35.53,0
61.214,61.635,61.214,61.635,36.21,0
61.176,61.367,60.428999999999995,60.428999999999995,43.98,0
61.242,61.242,60.028,60.31399999999999,36.35,0
61.117,61.176,60.631,61.176,43.88,0
61.481,61.481,60.122,60.658,20.9,0
60.093999999999994,60.544,59.453,60.093999999999994,19.16,0
60.008,60.008,59.463,59.606,17.76,0
59.88399999999999,60.047,59.75,59.75,12.54,0
58.449,58.449,58.449,58.449,4.18,0
58.573,58.573,58.573,58.573,5.47,0
60.861000000000004,60.861000000000004,58.821000000000005,59.06100000000001,28.23,0
62.056000000000004,62.43899999999999,59.396,62.43899999999999,26.13,0
61.348,70.965,61.348,62.2,58.52,0
63.226000000000006,63.226000000000006,62.93,63.221000000000004,34.11,0
63.711999999999996,63.711999999999996,62.253,62.253,41.13,0
60.958999999999996,62.175,60.958999999999996,61.669,12.43,0
59.412,60.755,59.412,60.755,28.78,0
61.077,61.086999999999996,60.521,60.521,25.96,0
61.037,61.037,60.306999999999995,60.501999999999995,127.41,0
60.949,64.253,59.84,60.356,102.28,0
60.775,60.784,60.036,60.036,79.59,0
59.966,59.967,59.636,59.818000000000005,106.81,0
59.325,59.325,57.95399999999999,58.839,45.42,0
57.867,58.601000000000006,57.817,58.128,43.8,0
58.158,58.217,57.43899999999999,57.581,12.96,0
56.903,57.43899999999999,55.876999999999995,55.931000000000004,345.58,0
56.826,56.843999999999994,55.879,56.543,22.0,0
56.893,56.893,54.957,56.191,36.29,0
55.735,56.836000000000006,55.6,55.901,36.6,0
56.543,56.684,54.755,55.263999999999996,53.9,0
55.775,56.32,55.45399999999999,56.32,12.38,0
54.028,54.699,54.028,54.699,12.06,0
55.911,55.911,54.49,54.49,27.75,0
54.235,54.235,52.18600000000001,53.175,60.95,0
53.143,54.239,53.143,54.239,20.73,0
54.504,55.07,54.504,54.856,28.73,0
55.114,55.18600000000001,54.015,54.483000000000004,33.93,0
55.464,55.551,54.364,54.793,97.59,0
55.717,55.717,54.063,54.277,63.91,0
55.23,55.23,55.049,55.049,8.53,0
56.008,56.008,56.008,56.008,8.49,0
54.978,56.513999999999996,54.978,56.513999999999996,113.22,0
55.931000000000004,55.931000000000004,54.974,55.19,47.4,0
54.763000000000005,55.288000000000004,54.369,55.288000000000004,14.5,0
56.368,56.368,54.919,54.919,17.18,0
54.672,55.61,54.672,55.26,33.22,0
52.808,53.858999999999995,52.808,53.858999999999995,19.47,0
53.418,54.158,53.418,53.977,4.93,0
54.063,54.063,54.063,54.063,1.49,0
53.24,53.36600000000001,52.102,52.102,70.27,0
53.683,54.256,53.043,53.56399999999999,124.38,0
53.79,55.288000000000004,53.79,54.063,19.43,0
56.316,56.32,55.744,56.192,30.52,0
55.979,55.979,54.983000000000004,55.619,5.74,0
55.824,56.758,55.824,56.631,11.71,0
56.271,56.271,55.483999999999995,55.696999999999996,99.62,0
54.181000000000004,55.818000000000005,54.181000000000004,55.818000000000005,51.44,0
55.775,56.371,55.775,56.17,21.59,0
55.56100000000001,56.641000000000005,55.56100000000001,56.54,21.22,0
55.173,55.619,55.173,55.619,7.32,0
56.693999999999996,57.205,56.693999999999996,57.205,9.33,0
57.886,57.924,57.637,57.924,31.81,0
58.06,58.226000000000006,57.545,57.545,27.3,0
58.361999999999995,58.361999999999995,58.361999999999995,58.361999999999995,10.26,0
58.761,58.761,58.761,58.761,11.08,0
58.508,58.508,57.858000000000004,57.994,31.64,0
57.02,57.02,57.02,57.02,3.16,0
57.769,57.973,57.769,57.973,8.29,0
58.003,59.695,58.003,59.51,74.6,0
59.305,59.582,59.239,59.417,174.95,0
58.818999999999996,59.187,58.382,59.187,315.45,0
58.576,59.282,58.354,59.282,283.84,0
59.315,60.195,59.315,60.195,53.99,0
60.26,60.306999999999995,59.747,59.747,14.9,0
60.22,60.22,59.247,59.257,132.95,0
59.382,60.121,59.053000000000004,59.655,30.71,0
60.269,60.269,58.548,58.68,31.28,0
59.159,59.3,58.763999999999996,59.3,28.36,0
59.273,59.273,59.273,59.273,5.01,0
58.953,60.04600000000001,58.953,60.04600000000001,24.4,0
59.973,60.306999999999995,59.973,60.306999999999995,5.64,0
60.224,60.24,59.858000000000004,60.016999999999996,23.54,0
59.589,60.074,58.975,59.806000000000004,91.58,0
59.586999999999996,59.898999999999994,59.523999999999994,59.898999999999994,40.35,0
59.782,59.782,58.747,58.955,53.24,0
58.81,59.619,58.81,59.619,3.88,0
59.18899999999999,59.18899999999999,58.498000000000005,58.498000000000005,45.43,0
59.705,59.705,59.391999999999996,59.559,62.36,0
60.016000000000005,60.141999999999996,59.528999999999996,59.782,52.82,0
59.715,60.306999999999995,59.715,60.3,39.63,0
60.424,60.979,60.424,60.979,18.46,0
61.067,61.173,60.803000000000004,61.133,34.84,0
60.901,60.901,60.833999999999996,60.833999999999996,10.6,0
61.13399999999999,61.255,61.13399999999999,61.232,12.0,0
61.948,62.038999999999994,61.571999999999996,62.018,39.79,0
62.145,62.253,61.971000000000004,62.147,44.23,0
61.981,61.981,61.417,61.69,22.32,0
61.213,61.417,61.213,61.417,4.28,0
61.387,61.407,61.141000000000005,61.281000000000006,14.29,0
61.281000000000006,61.864,61.281000000000006,61.708,40.85,0
61.815,61.961999999999996,61.349,61.961999999999996,43.18,0
61.446000000000005,61.766999999999996,61.378,61.378,12.27,0
60.911,61.067,60.784,61.067,7.56,0
60.911,61.523999999999994,60.911,61.456,44.45,0
60.553000000000004,60.636,60.453,60.636,41.58,0
60.26,60.26,60.065,60.065,88.81,0
60.172,60.172,59.599,59.599,12.06,0
59.94,59.94,59.94,59.94,2.58,0
60.396,60.396,60.152,60.25,29.24,0
60.726000000000006,60.863,60.473,60.473,56.35,0
60.641999999999996,60.812,60.6,60.6,10.07,0
60.736000000000004,60.736000000000004,60.008,60.6,33.79,0
60.162,60.162,59.54,59.831,24.08,0
59.909,60.619,59.909,60.571000000000005,12.65,0
60.38,60.396,59.713,60.04600000000001,99.57,0
60.172,60.396,59.766000000000005,59.766000000000005,9.62,0
59.666000000000004,59.821999999999996,59.335,59.821999999999996,23.65,0
59.82,60.288000000000004,59.82,60.065,21.58,0
60.57,60.871,60.317,60.838,48.51,0
60.843,61.427,60.843,61.318999999999996,27.44,0
61.407,61.504,61.353,61.427,60.99,0
61.523999999999994,61.571999999999996,61.398,61.398,70.06,0
61.43600000000001,61.504,61.144,61.305,60.0,0
61.108000000000004,61.543,61.108000000000004,61.543,15.32,0
61.368,61.582,61.146,61.582,23.6,0
60.6,61.61,60.6,61.332,78.04,0
61.698,61.698,61.504,61.608999999999995,17.54,0
62.302,62.358999999999995,62.15,62.233999999999995,22.51,0
62.253,62.336000000000006,62.051,62.051,9.76,0
62.875,62.875,61.387,61.387,7.15,0
60.803000000000004,61.144,60.396,60.531000000000006,15.41,0
60.522,60.522,60.357,60.357,16.36,0
60.093,60.093,59.376000000000005,59.549,42.58,0
60.074,60.696999999999996,60.074,60.696999999999996,60.04,0
59.431999999999995,60.016000000000005,59.431999999999995,60.016000000000005,21.94,0
59.92,60.231,59.876999999999995,60.231,93.86,0
61.387,61.387,61.123999999999995,61.318999999999996,16.81,0
61.485,61.67100000000001,60.83,61.471000000000004,42.92,0
60.038000000000004,61.67100000000001,60.038000000000004,61.24,49.96,0
62.277,62.542,61.211000000000006,62.542,63.71,0
60.243,60.243,58.501000000000005,58.736000000000004,29.55,0
58.795,58.795,56.778999999999996,57.235,112.15,0
59.61600000000001,59.61600000000001,58.29600000000001,58.455,35.37,0
59.656000000000006,59.998000000000005,59.553999999999995,59.966,15.48,0
60.135,60.575,59.871,60.526,98.14,0
61.896,73.372,60.018,60.9,206.6,0
61.632,61.632,60.028,60.762,67.22,0
59.02,60.3,59.02,60.3,13.28,0
60.711999999999996,60.711999999999996,59.698,59.698,13.11,0
60.742,61.288999999999994,60.742,61.288999999999994,6.27,0
61.373000000000005,61.876999999999995,60.723,61.158,34.77,0
62.385,62.571999999999996,62.121,62.121,13.4,0
61.387,62.09,61.387,61.975,13.04,0
63.657,63.657,62.351000000000006,62.757,56.6,0
62.757,63.769,62.248000000000005,62.544,60.61,0
62.586000000000006,63.36,61.535,62.07899999999999,29.03,0
62.425,62.797,61.952,62.797,69.08,0
63.824,63.824,62.184,62.766999999999996,32.99,0
62.913999999999994,63.284,62.708,63.229,47.14,0
63.343999999999994,65.252,62.61,63.589,1409.41,0
62.894,65.381,62.806000000000004,62.806000000000004,72.05,0
62.355,65.633,62.355,65.633,40.34,0
63.803999999999995,65.633,62.415,63.589,31.23,0
63.461999999999996,63.461999999999996,62.355,63.452,49.39,0
63.608000000000004,63.833,63.04,63.784,44.84,0
62.552,63.861000000000004,62.493,63.773999999999994,49.04,0
62.873999999999995,63.177,61.858999999999995,62.208999999999996,24.39,0
63.148,63.148,63.148,63.148,12.2,0
63.54,63.54,62.522,62.965,10.51,0
63.765,63.824,62.961999999999996,63.463,103.72,0
63.95,64.01899999999999,63.589,63.589,39.56,0
63.861999999999995,63.98,62.983000000000004,63.868,16.63,0
63.402,63.98,63.402,63.98,21.09,0
64.577,64.694,63.54,64.37100000000001,72.24,0
63.54,64.404,63.54,64.077,17.59,0
64.567,64.705,64.169,64.705,35.23,0
64.077,64.694,64.077,64.577,37.65,0
64.381,64.381,63.621,63.621,22.07,0
64.87,64.87,64.03,64.87,36.06,0
64.41,64.577,63.188,63.614,12.42,0
64.40100000000001,64.43,63.619,64.361,18.6,0
64.959,64.959,63.931000000000004,64.475,56.93,0
64.567,64.567,64.195,64.278,42.8,0
63.92100000000001,64.322,63.92100000000001,64.322,17.7,0
64.655,64.655,63.833,64.087,36.8,0
63.008,64.655,63.008,64.655,40.63,0
63.032,64.332,62.943999999999996,64.322,50.28,0
63.461999999999996,64.04899999999999,63.461999999999996,64.04899999999999,14.17,0
64.312,64.312,62.973,62.973,22.52,0
63.461999999999996,64.88,63.461999999999996,64.175,49.54,0
64.80199999999999,65.17399999999999,64.457,65.12899999999999,54.61,0
65.437,65.437,65.112,65.339,26.2,0
65.252,65.252,63.923,64.874,41.76,0
65.025,65.025,63.833,63.833,28.97,0
63.773999999999994,64.292,63.559,63.799,14.77,0
63.258,63.258,61.965,62.708,49.02,0
63.187,63.187,62.058,62.416000000000004,26.99,0
63.497,63.497,62.395,63.158,167.4,0
63.275,63.285,62.673,63.251000000000005,34.1,0
62.972,63.68600000000001,62.972,63.68600000000001,6.81,0
63.803999999999995,63.803999999999995,63.803999999999995,63.803999999999995,7.65,0
63.941,63.941,62.205,63.603,19.0,0
65.066,65.183,63.887,65.03699999999999,90.91,0
63.823,64.67399999999999,63.823,64.67399999999999,45.34,0
63.58,63.58,63.559,63.559,8.22,0
63.95,64.312,63.148,63.864,16.67,0
64.48100000000001,64.48100000000001,64.473,64.473,6.13,0
64.077,64.077,63.748999999999995,63.748999999999995,12.26,0
64.391,64.654,64.16,64.16,101.05,0
64.991,64.991,63.745,63.745,29.77,0
65.14399999999999,65.14399999999999,63.07,64.127,27.43,0
64.325,64.98,64.325,64.82300000000001,8.4,0
63.231,64.439,63.231,63.952,37.9,0
63.872,64.23100000000001,63.52,63.986999999999995,34.47,0
64.53699999999999,64.596,64.158,64.53699999999999,39.22,0
63.589,63.599,63.187,63.599,31.54,0
62.88399999999999,64.117,62.88399999999999,63.97,41.19,0
63.022,63.481,62.88399999999999,63.383,74.22,0
62.933,62.933,62.364,62.364,5.58,0
63.265,63.354,63.136,63.163999999999994,70.9,0
61.935,63.861999999999995,61.935,63.05,265.29,0
62.708,63.608000000000004,62.708,62.742,20.56,0
62.684,63.888000000000005,62.684,63.324,42.54,0
63.001999999999995,63.891999999999996,62.63,63.891999999999996,32.86,0
64.04899999999999,64.04899999999999,63.707,64.04899999999999,43.81,0
63.941,64.009,63.57899999999999,63.891999999999996,51.4,0
63.295,63.295,63.295,63.295,5.86,0
63.803999999999995,63.803999999999995,62.857,62.857,14.91,0
63.53,63.559,63.481,63.559,10.11,0
63.49,63.995,63.022,63.1,24.85,0
64.04899999999999,64.04899999999999,61.753,62.349,30.45,0
62.865,62.865,61.68600000000001,61.68600000000001,32.36,0
63.333999999999996,63.333999999999996,61.458,62.327,17.28,0
62.152,62.152,61.224,61.224,13.68,0
63.119,63.191,62.132,62.132,24.1,0
63.755,63.755,62.558,63.738,27.7,0
62.61,64.04899999999999,62.61,64.04899999999999,33.71,0
64.04899999999999,64.04899999999999,62.723,64.00399999999999,30.95,0
63.872,63.931000000000004,63.46,63.931000000000004,41.94,0
64.175,64.175,62.806000000000004,63.589,74.05,0
63.589,64.32600000000001,62.698,64.32600000000001,69.32,0
63.343999999999994,63.852,63.253,63.765,10.28,0
63.92100000000001,64.61,63.912,63.92100000000001,59.58,0
63.716,64.16,62.736999999999995,63.099,91.56,0
62.73,63.93,62.73,63.687,24.97,0
65.027,65.027,63.912,64.297,30.01,0
64.41,64.635,63.589,64.635,16.47,0
64.28,64.28,64.28,64.28,2.38,0
63.696000000000005,64.782,63.599,63.599,32.01,0
64.547,64.863,63.045,64.45,29.14,0
64.46,64.777,63.424,63.424,39.66,0
64.919,64.919,63.917,64.097,22.28,0
64.166,64.664,63.145,64.664,43.28,0
64.959,65.056,63.56100000000001,63.625,332.27,0
64.982,64.982,63.486999999999995,64.292,20.48,0
64.919,65.604,64.645,65.053,172.05,0
66.289,66.38600000000001,65.32,66.259,133.54,0
65.359,66.416,65.093,65.692,154.91,0
66.455,66.455,64.479,65.976,61.16,0
66.82600000000001,67.179,65.33,66.778,213.0,0
67.081,67.081,65.12100000000001,65.311,17.13,0
65.056,66.11399999999999,64.389,65.056,397.87,0
64.039,65.361,64.039,64.98100000000001,41.35,0
64.346,65.766,64.346,65.218,36.26,0
65.185,65.625,64.604,65.625,87.29,0
65.57,65.57,64.32600000000001,65.435,10.55,0
65.744,65.744,64.078,64.809,63.37,0
64.931,65.387,64.148,65.387,244.03,0
65.575,65.575,64.362,65.258,970.35,0
65.575,65.575,64.075,64.881,130.51,0
64.247,65.595,64.247,64.624,801.68,0
64.247,65.565,64.247,64.95100000000001,151.11,0
65.873,65.873,64.491,65.56,37.21,0
66.031,66.21,65.793,66.089,74.1,0
67.141,67.141,65.848,66.492,257.75,0
66.785,66.785,66.165,66.477,63.97,0
65.942,66.26899999999999,65.42699999999999,65.42699999999999,201.24,0
66.29,66.507,65.601,66.329,61.89,0
66.695,66.695,65.95,66.63600000000001,60.03,0
66.993,66.993,66.237,66.497,82.16,0
66.63600000000001,66.705,66.454,66.695,52.32,0
66.63600000000001,66.63600000000001,66.15899999999999,66.467,34.71,0
66.37,66.53699999999999,66.355,66.53699999999999,33.57,0
66.745,66.745,65.962,66.314,114.0,0
66.22,66.53699999999999,65.473,66.148,20.58,0
66.169,66.52600000000001,66.169,66.517,139.16,0
66.13,66.96300000000001,66.13,66.96300000000001,199.76,0
67.479,67.479,66.86399999999999,67.449,95.72,0
67.756,67.756,67.193,67.389,124.37,0
66.418,67.29,66.418,67.214,29.86,0
66.509,66.708,66.509,66.7,138.83,0
66.487,66.884,66.36,66.36,374.41,0
66.66,66.66,65.932,66.071,1631.0,0
66.199,66.21,65.993,66.21,110.36,0
66.755,66.755,66.352,66.527,236.32,0
66.596,66.596,66.309,66.497,90.04,0
66.367,66.497,66.152,66.352,88.02,0
66.438,66.467,66.378,66.378,12.64,0
66.477,66.973,66.477,66.913,67.29,0
67.082,67.219,66.885,67.161,28.28,0
67.449,67.57300000000001,67.23100000000001,67.528,64.06,0
67.342,67.64699999999999,67.27,67.539,62.57,0
67.697,67.925,67.558,67.865,57.87,0
68.014,68.014,67.637,67.815,263.69,0
67.845,67.92399999999999,67.607,67.857,51.29,0
68.123,68.351,68.123,68.345,454.57,0
68.222,68.227,68.032,68.164,17.14,0
68.579,68.579,68.07300000000001,68.22399999999999,31.41,0
67.895,68.028,67.895,67.905,27.09,0
68.143,68.143,67.949,68.11,48.74,0
68.077,68.077,67.67699999999999,67.67699999999999,54.62,0
68.311,68.88600000000001,68.311,68.774,76.0,0
68.69800000000001,68.69800000000001,68.253,68.301,42.16,0
68.251,68.331,68.212,68.331,31.68,0
68.282,68.282,68.07300000000001,68.242,147.66,0
68.07300000000001,68.143,67.919,68.117,68.72,0
68.15,68.15,67.657,67.697,116.36,0
67.687,67.905,67.59899999999999,67.59899999999999,106.25,0
68.00399999999999,68.182,67.956,68.093,32.11,0
68.291,68.415,68.256,68.37100000000001,89.51,0
67.915,68.043,67.855,67.855,68.77,0
68.2,68.844,68.093,68.844,24.16,0
68.78699999999999,68.934,68.718,68.72800000000001,64.57,0
69.322,69.322,68.718,68.738,45.05,0
68.88,68.979,68.818,68.889,25.45,0
68.847,68.847,68.172,68.31,91.21,0
67.905,68.163,67.766,67.991,172.3,0
67.766,68.41199999999999,67.766,68.012,22.61,0
67.915,68.398,67.915,68.172,22.36,0
67.895,68.153,67.726,68.153,36.57,0
68.291,68.688,68.291,68.594,41.89,0
68.678,68.751,68.361,68.589,14.23,0
68.68,68.975,68.4,68.807,146.59,0
68.569,68.75,68.569,68.72800000000001,32.4,0
68.718,68.718,68.301,68.403,33.09,0
68.407,68.594,68.34899999999999,68.594,33.4,0
68.72800000000001,68.847,68.182,68.182,21.23,0
68.27199999999999,68.509,68.232,68.39,59.67,0
68.4,68.51899999999999,68.291,68.361,28.93,0
68.49,68.528,68.49,68.5,25.12,0
68.024,68.318,68.015,68.262,33.63,0
68.426,68.426,68.235,68.306,17.37,0
68.084,68.084,67.925,67.925,23.36,0
67.97399999999999,68.391,67.97399999999999,68.291,57.33,0
68.172,68.172,67.933,67.972,279.15,0
68.331,68.331,67.874,67.903,38.49,0
68.163,68.416,68.163,68.416,62.93,0
68.37,68.37,68.234,68.234,19.39,0
69.362,69.405,69.154,69.405,133.07,0
69.63,69.878,69.625,69.878,58.24,0
69.73899999999999,69.89699999999999,69.73899999999999,69.759,99.1,0
69.699,69.768,69.62,69.73899999999999,38.53,0
69.65,69.669,69.58,69.64,67.98,0
70.145,70.145,69.75,69.90899999999999,21.77,0
69.987,70.046,69.84899999999999,70.046,61.0,0
69.807,69.89699999999999,69.807,69.837,58.86,0
70.006,70.046,69.755,70.02600000000001,116.92,0
70.115,70.387,70.115,70.30199999999999,50.09,0
70.294,70.373,70.28399999999999,70.324,51.35,0
70.383,70.413,70.135,70.135,83.05,0
70.374,70.443,70.316,70.357,17.38,0
70.115,70.413,69.998,70.413,69.31,0
70.383,70.393,70.185,70.393,9.76,0
70.462,70.78,70.462,70.55199999999999,32.54,0
70.836,70.922,70.798,70.922,13.78,0
70.403,70.403,69.947,69.986,27.96,0
69.54,69.952,69.54,69.87899999999999,26.38,0
70.165,70.72,70.165,70.72,6.92,0
70.69,70.908,70.69,70.867,77.91,0
70.988,70.988,70.777,70.84,32.15,0
70.89699999999999,70.928,70.848,70.928,9.44,0
71.265,71.275,71.027,71.066,47.93,0
70.819,71.023,70.819,71.023,228.25,0
70.97800000000001,70.97800000000001,70.954,70.954,21.6,0
71.117,71.208,70.835,70.993,68.4,0
71.404,71.503,71.027,71.503,57.99,0
71.98899999999999,71.98899999999999,71.72,71.92,47.83,0
71.83,71.83,71.64699999999999,71.781,30.38,0
71.47399999999999,71.685,71.47399999999999,71.553,23.53,0
71.57300000000001,71.57300000000001,71.42,71.42,21.06,0
71.462,71.523,71.416,71.455,16.46,0
71.523,71.741,71.298,71.298,46.79,0
71.255,71.305,71.176,71.176,23.5,0
71.543,71.786,71.531,71.77,47.44,0
71.771,71.77199999999999,71.355,71.456,17.91,0
70.918,71.077,70.74,71.064,44.8,0
71.17,71.3054,71.17,71.3,11.35,0
71.8449,71.86,71.8054,71.85,12.74,0
71.5252,71.54899999999999,71.4656,71.4778,10.62,0
71.4926,71.4926,71.24600000000001,71.3189,20.03,0
71.4532,71.4876,71.4532,71.4876,10.79,0
71.52,71.693,71.52,71.693,28.02,0
71.74,71.7818,71.71,71.7233,45.64,0
71.67699999999999,71.7175,71.5112,71.583,24.6,0
71.66,72.0795,71.66,72.0795,21.58,0
71.83,71.83,71.27,71.4408,66.82,0
71.76,71.82,71.422,71.82,67.01,0
72.0,72.0,71.806,71.806,5.84,0
71.55,71.65,71.55,71.6154,25.81,0
71.2488,71.404,71.2012,71.2012,34.52,0
71.175,71.4567,71.175,71.452,28.32,0
71.33,71.6652,71.33,71.6601,27.79,0
71.58,71.782,71.4354,71.782,30.73,0
72.17,72.33,72.17,72.3228,152.71,0
72.12,72.411,72.12,72.411,10.55,0
72.792,72.99,72.792,72.9474,84.66,0
72.7231,72.995,72.7231,72.9054,14.71,0
72.6499,72.969,72.6336,72.9304,48.67,0
73.15,73.355,73.15,73.355,17.92,0
73.13,73.40100000000001,72.84,73.3,548.82,0
73.25,73.25,73.01,73.11,24.52,0
73.0016,73.2596,73.0016,73.2596,9.14,0
73.45,73.4669,73.1905,73.4659,13.3,0
73.4179,73.54,73.4179,73.49,12.01,0
73.5789,73.5789,73.0739,73.267,15.24,0
73.24,73.436,73.1032,73.436,10.29,0
73.4,73.585,73.15,73.58,64.47,0
73.4904,73.6466,73.3125,73.5392,23.45,0
73.65,73.65,73.4744,73.4744,12.54,0
73.47,73.646,73.47,73.646,15.0,0
73.63,73.64,73.5038,73.64,45.12,0
73.52,73.73,73.52,73.73,10.99,0
73.9899,73.9899,73.438,73.438,38.87,0
72.95,73.435,72.95,73.3696,104.2,0
72.752,72.78,72.648,72.76,25.28,0
72.54,72.61399999999999,72.2658,72.2658,40.68,0
72.868,73.102,72.868,72.9964,7.54,0
73.12,73.12,72.555,72.955,88.04,0
73.15,73.47,72.91,73.4,68.82,0
72.7244,72.8699,72.16,72.16,211.38,0
72.53,72.53,72.3837,72.3968,18.19,0
72.2114,72.48,72.2114,72.48,213.95,0
72.822,72.941,72.551,72.551,117.23,0
72.868,72.868,72.8,72.81,14.6,0
72.6866,72.7974,72.6866,72.75,7.42,0
73.04,73.124,72.9688,72.9916,22.74,0
72.9655,73.04,72.89,72.9769,121.55,0
72.5299,72.81,72.5299,72.5535,16.43,0
73.0373,73.0373,72.9383,73.0373,6.09,0
73.457,73.54,73.1541,73.3225,28.22,0
73.959,73.995,73.449,73.449,30.09,0
73.57,73.57,72.96,73.266,40.43,0
73.5005,73.68,73.5005,73.65,30.15,0
73.5506,73.88,73.5506,73.7431,16.29,0
73.618,74.0,73.618,73.782,20.48,0
74.29,74.53,74.2273,74.5152,43.1,0
74.91,74.91,74.561,74.77,42.11,0
74.6939,74.7,74.4256,74.7,23.47,0
74.3232,74.755,74.3232,74.48,23.15,0
74.43,74.87,74.43,74.87,28.96,0
74.8588,75.08,74.8588,75.08,26.8,0
75.25,75.26,75.14,75.26,84.14,0
75.2706,75.499,75.1,75.18,28.16,0
75.06,75.22,74.9873,75.0239,19.24,0
75.1399,75.155,74.9408,75.0813,6.64,0
74.98,75.06,74.67,74.79,22.03,0
74.795,74.795,74.59,74.706,9.49,0
74.74,74.84,74.74,74.84,12.41,0
74.96,75.0436,74.8206,75.0364,18.25,0
75.07,75.43,75.031,75.43,54.31,0
75.505,75.66,75.4242,75.63,27.03,0
75.68,75.7416,75.638,75.7114,28.01,0
75.7077,75.848,75.6484,75.848,10.89,0
75.935,75.9615,75.801,75.801,20.87,0
75.7339,75.83,75.718,75.83,14.73,0
75.83,75.83,75.83,75.83,15.36,0
76.181,76.181,75.943,75.943,18.84,0
76.22,76.31,75.92699999999999,76.31,15.77,0
76.34,76.37,76.131,76.131,23.08,0
76.4572,76.58,76.43,76.4635,12.71,0
76.509,76.509,76.509,76.509,8.15,0
76.47,76.479,76.3184,76.479,19.65,0
76.71,76.71,76.3641,76.595,96.02,0
76.36,76.44,76.2276,76.3984,56.01,0
76.5861,76.5973,76.5856,76.5856,12.05,0
76.6662,76.6663,76.36,76.568,30.63,0
76.5835,76.656,76.441,76.656,20.49,0
75.931,76.3048,75.931,76.2934,12.52,0
76.6,76.61,76.1801,76.27,23.53,0
76.57,76.91,76.57,76.87,53.31,0
76.7142,76.7142,76.596,76.596,12.26,0
76.53,77.055,76.53,76.7532,24.96,0
77.2196,77.359,77.0512,77.0512,10.85,0
77.23,77.24,77.0352,77.1661,22.73,0
77.2708,77.2708,77.0732,77.0732,14.89,0
77.27,77.2775,77.27,77.2775,5.33,0
77.5026,77.5026,77.2,77.352,124.71,0
77.37,77.72,77.138,77.72,134.82,0
77.13,77.131,76.60600000000001,77.11,40.38,0
76.55,76.9,76.55,76.9,63.61,0
